date,start_time,km,split_pace_sec,pace_diff_sec,elevation_change_m,hr_bpm
2026-08-12,16:17,1,362,,19,109
2026-08-12,16:17,2,352,-10,-23,158
2026-08-12,16:17,3,355,3,-28,154
2026-08-12,16:17,4,360,5,11,150
2026-08-12,16:17,5,380,20,23,172
2026-08-12,16:17,6,375,-5,16,160
2026-08-12,16:17,7,338,-37,-17,158
2026-08-12,16:17,8,320,-18,-3,174
2026-08-12,16:17,8.12,330,10,-1,185
2026-08-14,16:38,1,347,,10,134
2026-08-14,16:38,2,348,1,24,166
2026-08-14,16:38,3,361,13,31,174
2026-08-14,16:38,4,412,51,14,176
2026-08-14,16:38,5,322,-90,-31,160
2026-08-14,16:38,6,316,-6,-28,174
2026-08-14,16:38,7,352,36,-17,178
2026-08-14,16:38,8,363,11,-27,174
2026-08-14,16:38,9,336,-27,-13,176
2026-08-14,16:38,10,364,28,25,183
2026-08-14,16:38,10.03,606,242,3,188
2026-08-23,16:11,1,368,,1,110
2026-08-23,16:11,2,361,-7,-7,157
2026-08-23,16:11,3,350,-11,2,161
2026-08-23,16:11,4,405,55,1,169
2026-08-23,16:11,5,413,8,3,163
2026-08-23,16:11,6,361,-52,1,172
2026-08-23,16:11,7,425,64,-2,167
2026-08-23,16:11,8,412,-13,4,175
2026-08-23,16:11,8.09,473,61,2,172
2026-08-31,10:33,1,378,,1,121
2026-08-31,10:33,2,360,-18,-6,148
2026-08-31,10:33,3,352,-8,0,172
2026-08-31,10:33,4,436,84,1,173
2026-08-31,10:33,5,375,-61,3,164
2026-08-31,10:33,6,365,-10,6,168
2026-08-31,10:33,7,493,128,-7,179
2026-08-31,10:33,8,397,-96,4,134
2026-08-31,10:33,8.06,460,63,6,176
2026-09-08,13:56,1,372,,-4,133
2026-09-08,13:56,2,358,-14,-7,148
2026-09-08,13:56,3,352,-6,2,170
2026-09-08,13:56,4,402,50,-1,177
2026-09-08,13:56,5,414,12,6,166
2026-09-08,13:56,6,359,-55,-2,179
2026-09-08,13:56,7,378,19,-6,181
2026-09-08,13:56,7.78,405,27,9,184
2026-09-22,11:04,1,374,,23,124
2026-09-22,11:04,2,363,-11,-24,159
2026-09-22,11:04,3,373,10,-27,157
2026-09-22,11:04,4,384,11,9,142
2026-09-22,11:04,5,384,0,16,173
2026-09-22,11:04,6,399,15,23,172
2026-09-22,11:04,7,368,-31,-23,159
2026-09-22,11:04,8,359,-9,-27,167
2026-09-22,11:04,9,397,38,13,172
2026-09-22,11:04,10,373,-24,15,178
2026-09-22,11:04,10.02,850,477,2,184
2026-09-23,14:58,1,378,,25,104
2026-09-23,14:58,2,372,-6,-20,161
2026-09-23,14:58,3,367,-5,-29,154
2026-09-23,14:58,4,377,10,13,129
2026-09-23,14:58,5,384,7,18,176
2026-09-23,14:58,6,388,4,19,175
2026-09-23,14:58,7,371,-17,-22,171
2026-09-23,14:58,8,358,-13,-27,173
2026-09-23,14:58,9,383,25,8,171
2026-09-23,14:58,10,382,-1,18,180
2026-09-23,14:58,10.03,793,411,-2,178
2026-09-24,16:47,1,372,,22,153
2026-09-24,16:47,2,375,3,-23,162
2026-09-24,16:47,3,360,-15,-26,139
2026-09-24,16:47,4,381,21,10,155
2026-09-24,16:47,5,393,12,19,169
2026-09-24,16:47,6,395,2,22,166
2026-09-24,16:47,7,446,51,-23,171
2026-09-24,16:47,8,360,-86,-21,143
2026-09-24,16:47,9,390,30,3,162
2026-09-24,16:47,10,393,3,20,173
2026-09-24,16:47,10.02,754,361,-4,174
2026-09-26,15:43,1,380,,14,
2026-09-26,15:43,2,360,-20,-21,150
2026-09-26,15:43,3,343,-17,-27,148
2026-09-26,15:43,4,362,19,10,131
2026-09-26,15:43,5,371,9,18,163
2026-09-26,15:43,6,364,-7,21,162
2026-09-26,15:43,7,339,-25,-24,168
2026-09-26,15:43,8,310,-29,-26,153
2026-09-26,15:43,9,351,41,7,165
2026-09-26,15:43,10,331,-20,19,176
2026-09-26,15:43,10.03,623,292,1,178
2026-10-03,12:20,1,384,,-4,113
2026-10-03,12:20,2,364,-20,4,143
2026-10-03,12:20,3,363,-1,-6,149
2026-10-03,12:20,4,361,-2,-3,166
2026-10-03,12:20,5,363,2,2,168
2026-10-03,12:20,6,351,-12,1,175
2026-10-03,12:20,7,336,-15,-1,181
2026-10-03,12:20,8,338,2,-1,183
2026-10-03,12:20,9,332,-6,1,183
2026-10-03,12:20,10,352,20,5,188
2026-10-03,12:20,11,928,576,1,176
2026-10-03,12:20,12,509,-419,5,121
2026-10-03,12:20,13,438,-71,-2,123
2026-10-03,12:20,13.70,354,-84,-3,175
2026-10-05,10:59,1,362,,3,128
2026-10-05,10:59,2,339,-23,-6,156
2026-10-05,10:59,3,345,6,-1,168
2026-10-05,10:59,4,391,46,0,173
2026-10-05,10:59,5,354,-37,5,158
2026-10-05,10:59,6,342,-12,-3,171
2026-10-05,10:59,7,341,-1,2,176
2026-10-05,10:59,8,348,7,3,178
2026-10-05,10:59,9,371,23,-5,178
2026-10-05,10:59,10,392,21,6,182
2026-10-05,10:59,10.02,505,113,1,173
2026-10-09,06:50,1,386,,1,152
2026-10-09,06:50,2,348,-38,-4,109
2026-10-09,06:50,3,347,-1,3,165
2026-10-09,06:50,4,379,32,-1,167
2026-10-09,06:50,5,362,-17,5,168
2026-10-09,06:50,6,373,11,-3,175
2026-10-09,06:50,7,358,-15,-2,169
2026-10-09,06:50,8,422,64,5,174
2026-10-09,06:50,8.03,489,67,-1,176
2026-10-10,16:09,1,382,,13,159
2026-10-10,16:09,2,354,-28,-22,139
2026-10-10,16:09,3,334,-20,-24,153
2026-10-10,16:09,4,363,29,15,166
2026-10-10,16:09,5,379,16,15,172
2026-10-10,16:09,6,374,-5,22,175
2026-10-10,16:09,7,354,-20,-24,174
2026-10-10,16:09,8,346,-8,-27,173
2026-10-10,16:09,9,369,23,8,169
2026-10-10,16:09,10,351,-18,18,174
2026-10-10,16:09,10.05,482,131,4,179
